[
{"title": "Where and how to find the lowest mortgage rates right now", "link": "https://finance.yahoo.com/personal-finance/mortgages/article/lowest-mortgage-rates-155235056.html", "source": "Yahoo Personal Finance", "publish_date": "", "scraped_date": "2025-04-18 13:58:11"},
{"title": "Rate (Guaranteed Rate) mortgage review 2025", "link": "https://finance.yahoo.com/personal-finance/mortgages/review/guaranteed-rate-mortgage-review-201543228.html", "source": "Yahoo Personal Finance", "publish_date": "", "scraped_date": "2025-04-18 13:58:11"},
{"title": "Should you lock in a mortgage rate in today's housing market \u2014 and if so, when?", "link": "https://finance.yahoo.com/personal-finance/mortgages/article/mortgage-rate-lock-154037396.html", "source": "Yahoo Personal Finance", "publish_date": "", "scraped_date": "2025-04-18 13:58:11"},
{"title": "Tariffs or No, Alcoa Isn't Rushing to Make More Aluminum in U.S.", "link": "https://finance.yahoo.com/m/6e2761f7-83b9-3fdf-b6e3-fd8dab4ef511/tariffs-or-no-alcoa-isn-t.html", "source": "The Wall Street Journal", "publish_date": "", "scraped_date": "2025-04-18 13:58:11"},
{"title": "HELOCs rise for second consecutive week, above 8% now", "link": "https://finance.yahoo.com/news/helocs-rise-second-consecutive-week-001018274.html", "source": "Bankrate", "publish_date": "", "scraped_date": "2025-04-18 13:58:11"},
{"title": "Analyst Report: Prudential plc", "link": "https://finance.yahoo.com/research/reports/MS_0P000004I2_AnalystReport_1744937731000?yptr=yahoo&ncid=yahooproperties_plusresear_nm5q6ze1cei", "source": "Morningstar Research", "publish_date": "", "scraped_date": "2025-04-18 13:58:11"},
{"title": "Worried about defaulting on credit card debt if another recession hits? Look into a credit card hardship program.", "link": "https://finance.yahoo.com/personal-finance/credit-cards/article/credit-card-hardship-program-165814199.html", "source": "Yahoo Personal Finance", "publish_date": "", "scraped_date": "2025-04-18 13:58:11"},
{"title": "What's a no-appraisal home equity loan, and how do you qualify for one?", "link": "https://finance.yahoo.com/personal-finance/mortgages/article/no-appraisal-home-equity-loan-213150246.html", "source": "Yahoo Personal Finance", "publish_date": "", "scraped_date": "2025-04-18 13:58:11"},
{"title": "Congestion nicks CSX\u2019s earnings, volume and revenue", "link": "https://finance.yahoo.com/news/congestion-nicks-csx-earnings-volume-230622545.html", "source": "FreightWaves", "publish_date": "", "scraped_date": "2025-04-18 13:58:11"},
{"title": "Bank of Canada Holds Rates Steady as It Examines Tariff Fallout", "link": "https://finance.yahoo.com/m/35f7e307-7a6c-37f9-8cf5-c580ff9f8cd6/bank-of-canada-holds-rates.html", "source": "The Wall Street Journal", "publish_date": "", "scraped_date": "2025-04-18 13:58:11"}
][
{"title": "Can you get a HELOC on an investment property?", "link": "https://finance.yahoo.com/news/heloc-investment-property-173722937.html", "source": "Bankrate", "publish_date": "Unknown", "scraped_date": "2025-04-18 14:00:28"},
{"title": "Rate (Guaranteed Rate) mortgage review 2025", "link": "https://finance.yahoo.com/personal-finance/mortgages/review/guaranteed-rate-mortgage-review-201543228.html", "source": "Personal Finance", "publish_date": "Unknown", "scraped_date": "2025-04-18 14:00:28"},
{"title": "Ex-SEC chair Gary Gensler has a blunt response on Trump's tariffs", "link": "https://finance.yahoo.com/news/ex-sec-chair-gary-gensler-230255957.html", "source": "TheStreet", "publish_date": "Unknown", "scraped_date": "2025-04-18 14:00:28"},
{"title": "Congestion nicks CSX\u2019s earnings, volume and revenue", "link": "https://finance.yahoo.com/news/congestion-nicks-csx-earnings-volume-230622545.html", "source": "FreightWaves", "publish_date": "Unknown", "scraped_date": "2025-04-18 14:00:28"},
{"title": "Bank of Canada Holds Rates Steady as It Examines Tariff Fallout", "link": "https://finance.yahoo.com/m/35f7e307-7a6c-37f9-8cf5-c580ff9f8cd6/bank-of-canada-holds-rates.html", "source": "The Wall Street Journal", "publish_date": "Unknown", "scraped_date": "2025-04-18 14:00:28"},
{"title": "Analyst Report: Prudential plc", "link": "https://finance.yahoo.com/research/reports/MS_0P000004I2_AnalystReport_1744937731000?yptr=yahoo&ncid=yahooproperties_plusresear_nm5q6ze1cei", "source": "Morningstar Research", "publish_date": "Unknown", "scraped_date": "2025-04-18 14:00:28"},
{"title": "What type of credit check affects your credit score?", "link": "https://finance.yahoo.com/personal-finance/credit-cards/article/what-kind-of-credit-check-affects-credit-score-232738255.html", "source": "Personal Finance", "publish_date": "Unknown", "scraped_date": "2025-04-18 14:00:28"},
{"title": "How Congress-Tracking ETFs Reacted to the Market Drawdown", "link": "https://finance.yahoo.com/news/congress-tracking-etfs-reacted-market-233000940.html", "source": "etf.com", "publish_date": "Unknown", "scraped_date": "2025-04-18 14:00:28"},
{"title": "Veteran fund manager resets Nvidia stock price target after shocking export news", "link": "https://finance.yahoo.com/news/veteran-fund-manager-rethinks-nvidia-233300007.html", "source": "TheStreet", "publish_date": "Unknown", "scraped_date": "2025-04-18 14:00:28"},
{"title": "BIL Gains $874 Million in AUM as Markets Steady", "link": "https://finance.yahoo.com/news/bil-gains-874-million-aum-234500862.html", "source": "etf.com", "publish_date": "Unknown", "scraped_date": "2025-04-18 14:00:28"}
]